{
  "IcoMoonType": "selection",
  "icons": [
    {
      "icon": {
        "paths": [
          "M804.571 420.571v109.714c0 30.286-24.571 54.857-54.857 54.857h-237.714v237.714c0 30.286-24.571 54.857-54.857 54.857h-109.714c-30.286 0-54.857-24.571-54.857-54.857v-237.714h-237.714c-30.286 0-54.857-24.571-54.857-54.857v-109.714c0-30.286 24.571-54.857 54.857-54.857h237.714v-237.714c0-30.286 24.571-54.857 54.857-54.857h109.714c30.286 0 54.857 24.571 54.857 54.857v237.714h237.714c30.286 0 54.857 24.571 54.857 54.857z"
        ],
        "width": 804.5714285714286,
        "attrs": [],
        "isMulticolor": false,
        "isMulticolor2": false,
        "tags": [
          "plus"
        ],
        "defaultCode": 61543,
        "grid": 14
      },
      "attrs": [],
      "properties": {
        "name": "plus",
        "id": 1,
        "order": 4,
        "prevSize": 28,
        "code": 61543
      },
      "setIdx": 0,
      "setId": 2,
      "iconIdx": 1
    },
    {
      "icon": {
        "paths": [
          "M804.571 420.571v109.714c0 30.286-24.571 54.857-54.857 54.857h-694.857c-30.286 0-54.857-24.571-54.857-54.857v-109.714c0-30.286 24.571-54.857 54.857-54.857h694.857c30.286 0 54.857 24.571 54.857 54.857z"
        ],
        "width": 804.5714285714286,
        "attrs": [],
        "isMulticolor": false,
        "isMulticolor2": false,
        "tags": [
          "minus"
        ],
        "defaultCode": 61544,
        "grid": 14
      },
      "attrs": [],
      "properties": {
        "name": "minus",
        "id": 3,
        "order": 5,
        "prevSize": 28,
        "code": 61544
      },
      "setIdx": 0,
      "setId": 2,
      "iconIdx": 3
    },
    {
      "icon": {
        "paths": [
          "M954.857 323.429c0 14.286-5.714 28.571-16 38.857l-491.429 491.429c-10.286 10.286-24.571 16-38.857 16s-28.571-5.714-38.857-16l-284.571-284.571c-10.286-10.286-16-24.571-16-38.857s5.714-28.571 16-38.857l77.714-77.714c10.286-10.286 24.571-16 38.857-16s28.571 5.714 38.857 16l168 168.571 374.857-375.429c10.286-10.286 24.571-16 38.857-16s28.571 5.714 38.857 16l77.714 77.714c10.286 10.286 16 24.571 16 38.857z"
        ],
        "width": 1024,
        "attrs": [],
        "isMulticolor": false,
        "isMulticolor2": false,
        "tags": [
          "check"
        ],
        "defaultCode": 61452,
        "grid": 14
      },
      "attrs": [],
      "properties": {
        "name": "check",
        "id": 16,
        "order": 6,
        "prevSize": 28,
        "code": 61452
      },
      "setIdx": 0,
      "setId": 2,
      "iconIdx": 16
    },
    {
      "icon": {
        "paths": [
          "M741.714 755.429c0 14.286-5.714 28.571-16 38.857l-77.714 77.714c-10.286 10.286-24.571 16-38.857 16s-28.571-5.714-38.857-16l-168-168-168 168c-10.286 10.286-24.571 16-38.857 16s-28.571-5.714-38.857-16l-77.714-77.714c-10.286-10.286-16-24.571-16-38.857s5.714-28.571 16-38.857l168-168-168-168c-10.286-10.286-16-24.571-16-38.857s5.714-28.571 16-38.857l77.714-77.714c10.286-10.286 24.571-16 38.857-16s28.571 5.714 38.857 16l168 168 168-168c10.286-10.286 24.571-16 38.857-16s28.571 5.714 38.857 16l77.714 77.714c10.286 10.286 16 24.571 16 38.857s-5.714 28.571-16 38.857l-168 168 168 168c10.286 10.286 16 24.571 16 38.857z"
        ],
        "width": 804.5714285714286,
        "attrs": [],
        "isMulticolor": false,
        "isMulticolor2": false,
        "tags": [
          "close",
          "remove",
          "times"
        ],
        "defaultCode": 61453,
        "grid": 14
      },
      "attrs": [],
      "properties": {
        "name": "close, remove, times",
        "id": 17,
        "order": 7,
        "prevSize": 28,
        "code": 61453
      },
      "setIdx": 0,
      "setId": 2,
      "iconIdx": 17
    },
    {
      "icon": {
        "paths": [
          "M585.143 512c0-80.571-65.714-146.286-146.286-146.286s-146.286 65.714-146.286 146.286 65.714 146.286 146.286 146.286 146.286-65.714 146.286-146.286zM877.714 449.714v126.857c0 8.571-6.857 18.857-16 20.571l-105.714 16c-6.286 18.286-13.143 35.429-22.286 52 19.429 28 40 53.143 61.143 78.857 3.429 4 5.714 9.143 5.714 14.286s-1.714 9.143-5.143 13.143c-13.714 18.286-90.857 102.286-110.286 102.286-5.143 0-10.286-2.286-14.857-5.143l-78.857-61.714c-16.571 8.571-34.286 16-52 21.714-4 34.857-7.429 72-16.571 106.286-2.286 9.143-10.286 16-20.571 16h-126.857c-10.286 0-19.429-7.429-20.571-17.143l-16-105.143c-17.714-5.714-34.857-12.571-51.429-21.143l-80.571 61.143c-4 3.429-9.143 5.143-14.286 5.143s-10.286-2.286-14.286-6.286c-30.286-27.429-70.286-62.857-94.286-96-2.857-4-4-8.571-4-13.143 0-5.143 1.714-9.143 4.571-13.143 19.429-26.286 40.571-51.429 60-78.286-9.714-18.286-17.714-37.143-23.429-56.571l-104.571-15.429c-9.714-1.714-16.571-10.857-16.571-20.571v-126.857c0-8.571 6.857-18.857 15.429-20.571l106.286-16c5.714-18.286 13.143-35.429 22.286-52.571-19.429-27.429-40-53.143-61.143-78.857-3.429-4-5.714-8.571-5.714-13.714s2.286-9.143 5.143-13.143c13.714-18.857 90.857-102.286 110.286-102.286 5.143 0 10.286 2.286 14.857 5.714l78.857 61.143c16.571-8.571 34.286-16 52-21.714 4-34.857 7.429-72 16.571-106.286 2.286-9.143 10.286-16 20.571-16h126.857c10.286 0 19.429 7.429 20.571 17.143l16 105.143c17.714 5.714 34.857 12.571 51.429 21.143l81.143-61.143c3.429-3.429 8.571-5.143 13.714-5.143s10.286 2.286 14.286 5.714c30.286 28 70.286 63.429 94.286 97.143 2.857 3.429 4 8 4 12.571 0 5.143-1.714 9.143-4.571 13.143-19.429 26.286-40.571 51.429-60 78.286 9.714 18.286 17.714 37.143 23.429 56l104.571 16c9.714 1.714 16.571 10.857 16.571 20.571z"
        ],
        "width": 877.7142857142857,
        "attrs": [],
        "isMulticolor": false,
        "isMulticolor2": false,
        "tags": [
          "cog",
          "gear"
        ],
        "defaultCode": 61459,
        "grid": 14
      },
      "attrs": [],
      "properties": {
        "name": "cog, gear",
        "id": 22,
        "order": 8,
        "prevSize": 28,
        "code": 61459
      },
      "setIdx": 0,
      "setId": 2,
      "iconIdx": 22
    },
    {
      "icon": {
        "paths": [
          "M207.429 877.714l52-52-134.286-134.286-52 52v61.143h73.143v73.143h61.143zM506.286 347.429c0-7.429-5.143-12.571-12.571-12.571-3.429 0-6.857 1.143-9.714 4l-309.714 309.714c-2.857 2.857-4 6.286-4 9.714 0 7.429 5.143 12.571 12.571 12.571 3.429 0 6.857-1.143 9.714-4l309.714-309.714c2.857-2.857 4-6.286 4-9.714zM475.429 237.714l237.714 237.714-475.429 475.429h-237.714v-237.714zM865.714 292.571c0 19.429-8 38.286-21.143 51.429l-94.857 94.857-237.714-237.714 94.857-94.286c13.143-13.714 32-21.714 51.429-21.714s38.286 8 52 21.714l134.286 133.714c13.143 13.714 21.143 32.571 21.143 52z"
        ],
        "width": 865.7188571428571,
        "attrs": [],
        "isMulticolor": false,
        "isMulticolor2": false,
        "tags": [
          "pencil"
        ],
        "defaultCode": 61504,
        "grid": 14
      },
      "attrs": [],
      "properties": {
        "name": "pencil",
        "id": 64,
        "order": 9,
        "prevSize": 28,
        "code": 61504
      },
      "setIdx": 0,
      "setId": 2,